"https://poetryandthesea.tumblr.com","writing : 539"
"https://westjades.tumblr.com","ig: sunsetgazed : 19009"
"https://curvyhealthfit.tumblr.com","health & fitness : 155"
"https://beautyinspox.tumblr.com","beauty : 56"
"https://agatabikes-blog.tumblr.com","vegan : 367"
"https://myplacesproject.tumblr.com","picoftheday : 1853"
"https://flyingeyes.tumblr.com","poets on tumblr : 174"
"https://rsun0525.tumblr.com","follow : 7501"
"https://welcome-to-finland.tumblr.com","original photography : 150"
"https://dark-skin-makeup.tumblr.com","dark skin makeup : 111"
"https://anonymouse-art.tumblr.com","kaito : 124"
"https://anime--irl.tumblr.com","anime : 9735"
"https://thegymdoctor.tumblr.com","gym : 51"
"https://earthporn.tumblr.com","earth : 19606"
"https://lolmythesis.com","submission : 2899"
"https://mycornishplace.tumblr.com","cornwall : 445"
"https://swimsuitsornothing.tumblr.com","photography : 1820"
"https://instabaddies.tumblr.com","girls : 185"
"https://iamwintresspatrice.tumblr.com","iamwintresspatrice : 562"
"https://tistheseasonto.tumblr.com","christmas : 19"
"https://anezka-hru.tumblr.com","original photographers : 105"
"https://rosegoldlover.tumblr.com","rosy pink luxury tumblr instagram blogger : 639"
"https://jememarie.tumblr.com","wedding : 41638"
"https://hayybail.tumblr.com","nature : 23"
"https://slowlydreamingaway.tumblr.com","blue : 244"
"https://foodglorious-food.tumblr.com","foodglorious-food : 413"
"https://retr00pink.tumblr.com","aesthetic : 443"
"https://sassy-santa-baby.tumblr.com","christmas : 42326"
"https://5amtears.tumblr.com","feelings : 27"
"https://v31n.tumblr.com","aesthetic : 190"
"https://programmerhumour.tumblr.com","code : 14496"
"https://islandlifesl.tumblr.com","srilanka : 15"
"https://shitpostinguniverse.com","shitposting : 6203"
"https://fantasticbeauty.tumblr.com","model : 2178"
"https://mega-classysassy.tumblr.com","tumblr : 2438"
"https://cafe-solo.tumblr.com","0"
"https://warmcomfylife.tumblr.com","0"
"https://sickromantics.tumblr.com","love : 562"
"https://having-a-healthy-lifestyle.tumblr.com","healthy : 5524"
"https://nakamura05.tumblr.com","art : 77"
"https://distraction.tumblr.com","photo : 8267"
"https://n-breezii.tumblr.com","meme : 2523"
"https://bible-of-fun.tumblr.com","follow : 1261"
"https://uncommoncaribbean.tumblr.com","caribbean : 1200"
"https://twitblr.tumblr.com","funny : 46829"
"https://enchanting-landscapes.tumblr.com","0"
"https://guardians-of-the-food.tumblr.com","recipes : 37776"
"https://lovepastels.tumblr.com","pastel : 6516"
"https://rawstreetshots.tumblr.com","maxgor : 109"
"https://teenscoolest.com","follow me on insta: @fauzaanchan and ill spam you : 6492"
"https://girlwithcurves.tumblr.com","instagram : 990"
"https://lanasspace.tumblr.com","0"
"https://fattributes.tumblr.com","food : 16298"
"https://homecookingshow.tumblr.com","eat : 1284"
"https://snatti.tumblr.com","illustration : 419"
"https://scienceisbeauty.tumblr.com","physics : 1262"
"https://themcutegals.tumblr.com","cute : 508"
"https://annibalkalabaza.tumblr.com","drawing : 7"
"https://catsthefun.tumblr.com","cat : 173"
"https://caitlinperez.tumblr.com","luxurylifestyle : 206"
"https://the-tide-is-out.tumblr.com","sea : 10264"
"https://quote-diaries.tumblr.com","life : 6389"
"https://pizzanonnalagarde.tumblr.com","0"
"https://wang-yibo-uniq.tumblr.com","wangyibo : 658"
"https://modernmenstyle.tumblr.com","lifestyle : 14734"
"https://sun-going-down.tumblr.com","0"
"https://lovebetween2men.tumblr.com","gay : 2023"
"https://chelseacircle.tumblr.com","0"
"https://freeflowartdailys.tumblr.com","portrait : 648"
"https://tethea.tumblr.com","poetry : 463"
"https://stormsizedsummer.tumblr.com","landscape : 50"
"https://nature-vi3ws-0.tumblr.com","beautifulplace : 18"
"https://superloveandotherdrugs.tumblr.com","me : 50"
"https://olesia-nott.tumblr.com","dark : 192"
"https://jongzdae.tumblr.com","0"
"https://pacpalsunsets.tumblr.com","0"
"https://chicinlicin.tumblr.com","drawing : 1120"
"https://starstobe.tumblr.com","celebrity : 2241"
"https://itsagifnotagif.com","anonymous : 3217"
"https://lifeofquotations.tumblr.com","0"
"https://kitsunetsuki.tumblr.com","photography : 832"
"https://liveyourownlife-smile.tumblr.com","0"
"https://col0r-instagram.tumblr.com","garota : 25209"
"https://manonce.tumblr.com","tbt : 4"
"https://archoptical.tumblr.com","architecture : 3253"
"https://blaccmurdoc.tumblr.com","0"
"https://ganja247.tumblr.com","smoke ganja : 15"
"https://papertigerfolds.tumblr.com","origami : 1469"
"https://thefitnessinspirationblog.tumblr.com","fitness : 13777"
"https://smilethroughtears96.tumblr.com","sad : 1374"
"https://corpusaesthetics.tumblr.com","fitblr : 584"
"https://standardprocedureme.tumblr.com","dope : 27"
"https://bonitas-co.tumblr.com","moda : 2521"
"https://itsmypart.tumblr.com","0"
"https://hamishsblog.tumblr.com","london : 1082"
"https://heaven-ly-mind.tumblr.com","q : 30068"
"https://littleoil.tumblr.com","illustration : 511"
"https://wintersolsticevibes.tumblr.com","winter : 9"
"https://myhistoryhere.tumblr.com","0"
"https://olesianott-nature.tumblr.com","original photographers : 95"
"https://emotionless-wave.tumblr.com","vaporwave aesthetic : 19"
"https://peachydrug.tumblr.com","peachy : 75"
"https://catsreportingforduty.tumblr.com","0"
"https://alexademiepictures.tumblr.com","alexa demie : 44"
"https://bubasvaba.tumblr.com","deris_photos : 668"
"https://alfalfa67.tumblr.com","original photography : 545"
"https://slim-thick-fit.tumblr.com","0"
"https://ainhxa.tumblr.com","0"
"https://copperthistle.tumblr.com","0"
"https://spicymochi.tumblr.com","art : 313"
"https://relative.tumblr.com","stay safe : 75961"
"https://gypsylovinlight.tumblr.com","style : 1143"
"https://thcrstlshp.tumblr.com","banksy : 1464"
"https://futurewedding.tumblr.com","0"
"https://contemporaryartdaily.tumblr.com","0"
"https://saudi-wanderlust.tumblr.com","saudi : 43"
"https://depressed77.tumblr.com","0"
"https://candid-appetite.tumblr.com","0"
"https://petitcho.tumblr.com","japanese food : 1126"
"https://caribbeanfoodies.tumblr.com","0"
"https://gethealthynotslim.tumblr.com","fitness : 655"
"https://funoftheday.tumblr.com","lol : 177217"
"https://afrostylemagazine.tumblr.com","thinkoutsidethebox : 3098"
"https://patricio0531.tumblr.com","boyswillbeboys : 77"
"https://rheasimone1.tumblr.com","artists on tumblr : 1435"
"https://normlos.tumblr.com","photographers on tumblr : 285"
"https://clouxdii.tumblr.com","icon : 8"
"https://raytayphotography.tumblr.com","photography : 225"
"https://modified-squad-2018.tumblr.com","instagram : 1610"
"https://aguadcoco.tumblr.com","0"
"https://rich-lifes.tumblr.com","0"
"https://sharky-sharks.tumblr.com","sharks : 613"
"https://nmr5.tumblr.com","0"
"https://hiddeninthemess.tumblr.com","black and white : 4"
"https://adirose.tumblr.com","0"
"https://neonthemedblogs.tumblr.com","neon art : 135"
"https://andrewbeha.tumblr.com","0"
"https://foodporn.it","0"
"https://daily-deliciousness.tumblr.com","food : 12379"
"https://psychoticful.tumblr.com","quotes : 519"
"https://teller-of-tragedies.tumblr.com","0"
"https://diamondsnpolaroids.tumblr.com","0"
"https://69shadesofgray.tumblr.com","go follow this blog : 2864"
"https://workoutgear.tumblr.com","0"
"https://visionaryhuman.tumblr.com","0"
"https://beyond-my-thoughts08.tumblr.com","0"
"https://themoodimin.tumblr.com","blue : 66"
"https://kaymariial.tumblr.com","0"
"https://lady-vogue.tumblr.com","0"
"https://just-daily-sky.tumblr.com","0"
"https://newyumcity.com","0"
"https://dailyhistorymemes.tumblr.com","0"
"https://booksquoteslife.tumblr.com","0"
"https://vestidos-novia-fiesta-noche.tumblr.com","moda : 17472"
"https://theknowledgecorner.tumblr.com","0"
"https://girlsyuah.tumblr.com","0"
"https://natchavezr.tumblr.com","aesthetic grunge : 12"
"https://kidsfrompast.tumblr.com","0"
"https://sticksandsharks.tumblr.com","0"
"https://mikkoputtonen.tumblr.com","0"
"https://neaq.tumblr.com","0"
"https://disminucion.tumblr.com","0"
"https://elar9.tumblr.com","style : 437"
"https://vermontvacation.tumblr.com","0"
"https://kiwidixon.tumblr.com","0"
"https://doggos-with-jobs.tumblr.com","aww : 13323"
"https://sweethomestyle.tumblr.com","0"
"https://leenasniftyoven.tumblr.com","0"
"https://travelgurus.tumblr.com","0"
"https://prettyeyesnallthingsnice.tumblr.com","0"
"https://myheart-ourlife.tumblr.com","0"
"https://veganfoody.tumblr.com","vegan : 5698"
"https://meetmewheretheskymeetsthesea.tumblr.com","0"
"https://blog-thisisme.tumblr.com","puerto rico : 301"
"https://omglolcano.tumblr.com","funny : 4004"
"https://marvaments.tumblr.com","vscocam : 774"
"https://tthico.tumblr.com","sp : 251"
"https://jzapata24.tumblr.com","blackandwhite : 47"
"https://hairstylesbeauty.tumblr.com","0"
"https://alinarmstrong.tumblr.com","photooftheday : 219"
"https://apricitass.tumblr.com","dark : 13"
"https://ihmekukkavesi.tumblr.com","concert : 280"
"https://soundcloudgems.tumblr.com","music : 8008"
"https://vantitudes.tumblr.com","vintage : 1459"
"https://landscapesdaily.tumblr.com","landscape : 9041"
"https://kylieje-nr.tumblr.com","baby pink : 9"
"https://thatlondon.tumblr.com","photographers on tumblr : 1481"
"https://missanxietyandstress.tumblr.com","0"
"https://mandhoo-inn.tumblr.com","nature : 6"
"https://blink-janie.tumblr.com","daily : 923"
"https://liinchaan.tumblr.com","0"
"https://r2--d2.tumblr.com","landscape : 1325"
"https://magdanowacka.tumblr.com","photography : 227"
"https://lolcatsinlove.tumblr.com","cats : 2266"
"https://the-whateverblog.tumblr.com","aesthetic : 9"
"https://beachserenity.tumblr.com","beachserenity : 157"
"https://trackfieldsports.tumblr.com","track and field : 3914"
"https://heartdoodle.tumblr.com","0"
"https://pinterestfoodie1992.tumblr.com","food : 10551"
"https://alexroseph.tumblr.com","bestoftheday : 114"
"https://lucidiparole.tumblr.com","blog : 128"
"https://unsaltedfashion.tumblr.com","moda : 156"
"https://indieiphonewallpapers.tumblr.com","lyrics : 4461"
"https://suburbanswirl.tumblr.com","0"
"https://altgiirls.tumblr.com","alternative style : 459"
"https://lilbeansxx.tumblr.com","grunge : 455"
"https://futurefitgirlposts.tumblr.com","weightloss : 71"
"https://derivings.tumblr.com","p : 2603"
"https://rei-solar.tumblr.com","praia : 73"
"https://prettypinkglitterxx.tumblr.com","follow : 171"
"https://caulenes-bakery-house.tumblr.com","caulenesbakeryhouse : 938"
"https://mydailybookquotes.tumblr.com","quotes : 323"
"https://sandy-days-and-sun-rays.tumblr.com","summer : 1390"
"https://black-is-no-colour.tumblr.com","fashion : 8558"
"https://baeefox.tumblr.com","anime : 91"
"https://lolalife98.tumblr.com","me : 129"
"https://fumidesaluvold.tumblr.com","selfie : 1502"
"https://hansphoto96.tumblr.com","0"
"https://foodpremium.tumblr.com","authorships : 16"
"https://monteirn.tumblr.com","ocean : 596"
"https://behindthegrooves.tumblr.com","behind the grooves : 23965"
"https://gamegeekgame.tumblr.com","cute : 7130"
"https://peace-and-awe.tumblr.com","instagram : 1671"
"https://brenthofacker.tumblr.com","photography : 3116"
"https://okaypol.tumblr.com","youtube : 9730"
"https://venus-edits.tumblr.com","icons : 25"
"https://cutepetsuwu.tumblr.com","aww : 3466"
"https://calimarikid.tumblr.com","music : 3582"
"https://lolwtfmemes.tumblr.com","meme : 862"
"https://ares857.tumblr.com","0"
"https://twendehealth.tumblr.com","0"
"https://lust-is-blindness.tumblr.com","summer : 913"
"https://oxydenoir.tumblr.com","newyork : 599"
"https://wishuweregay.tumblr.com","billie eilish : 1431"
"https://ineedmakeupideas.tumblr.com","makeup : 980"
"https://fond-fungi.tumblr.com","sketch : 211"
"https://stonerparty.tumblr.com","weed : 593"
"https://kendimden-blog.tumblr.com","0"
"https://corinthiworkshop.tumblr.com","cosplay : 394"
"https://novelknight.tumblr.com","the court of lit and queue : 11356"
"https://expaulore.tumblr.com","nature : 164"
"https://erika-jordan.tumblr.com","picoftheday : 1262"
"https://poppycutesexy.tumblr.com","photograph : 489"
"https://fashioncoouture.tumblr.com","style : 16821"
"https://beachbumsaltlife.tumblr.com","beach life : 15"
"https://amourstreetstyle.tumblr.com","0"
"https://hoard-of-dragons.tumblr.com","flight rising : 978"
"https://dtecomic.tumblr.com","0"
"https://streetmax21.tumblr.com","street photography : 123"
"https://cuisinedemememoniq.tumblr.com","cuisine : 6585"
"https://federalstars.tumblr.com","cool : 762"
"https://linwelly.tumblr.com","corona : 5"
"https://inexperiencedgamer21.tumblr.com","0"
"https://filmvisionary.tumblr.com","likeforlike : 287"
"https://kaissamahalabasi4.tumblr.com","amazing : 5987"
"https://imaginedragons-blackandwhite.tumblr.com","imagine dragons : 210"
"https://onlybandlyrics.tumblr.com","bands : 2143"
"https://heartofinspiration.tumblr.com","quotes : 272"
"https://nikish-4.tumblr.com","ff : 720"
"https://feministtalks.tumblr.com","feminism : 423"
"https://chiefmeltedcheesebarbarian.tumblr.com","sherlock : 134"
"https://bamwiteapollo.tumblr.com","kpop : 11"
"https://salrasheed79.tumblr.com","repost : 459"
"https://ultraunusual.tumblr.com","cool : 8948"
"https://sugarpillcosmetics.tumblr.com","sugarpill : 11443"
"https://fitnessblender.tumblr.com","fitnessblender : 212"
"https://theofficialcoka.tumblr.com","aesthetic : 53"
"https://metalane.tumblr.com","kpop : 845"
"https://edenmedic.tumblr.com","tbt : 8"
"https://jenslosinglbs.tumblr.com","thinspo : 256"
"https://simplyamazingstuf.tumblr.com","amazing : 171"
"https://lioness-loves-lust.tumblr.com","me : 64"
"https://basic-bi-nch.tumblr.com","blue : 143"
"https://yeezuscrxs.tumblr.com","los angeles : 439"
"https://jide-h.tumblr.com","portrait : 1747"
"https://efemerycxna.tumblr.com","mood : 116"
"https://pinkottre.tumblr.com","pink : 18"
"https://evamariehl.tumblr.com","photography : 11"
"https://yuquo-rity.tumblr.com","illustration : 76"
"https://fatmdaily.tumblr.com","florence and the machine : 546"
"https://howyouhome.tumblr.com","boho : 795"
"https://frozencrafts.tumblr.com","crafts : 2771"
"https://naturalpalettes.tumblr.com","colors : 247"
"https://globetrotterpics.tumblr.com","adventure : 2330"
"https://ilovecharts.tumblr.com","ilovecharts : 2898"
"https://gangstacartoon.tumblr.com","0"
"https://timetogetafirst.tumblr.com","personal : 35"
"https://royal-food.tumblr.com","food : 10418"
"https://spatanbodybuilding.tumblr.com","0"
"https://iangarrickmason.tumblr.com","iangarrickmason : 958"
"https://bluecolur.tumblr.com","0"
"https://music-lyrics-country.tumblr.com","0"
"https://alentador.tumblr.com","answers : 779"
"https://houseandhomelove.tumblr.com","home : 146"
"https://featherfurl.tumblr.com","gif : 440"
"https://sirenebleue.tumblr.com","beauty : 18"
"https://christmas-allyearround.tumblr.com","christmas : 1180"
"https://thefashiongeeker.tumblr.com","fashion week : 3661"
"https://queendenii01.tumblr.com","beauty : 29"
"https://mightynii.tumblr.com","art : 152"
"https://urawater.tumblr.com","water : 790"
"https://sehomes.tumblr.com","interior : 8682"
"https://nbcsnl.tumblr.com","snl : 5686"
"https://eujohndemoura.tumblr.com","gay : 195"
"https://eitastark.tumblr.com","love : 2069"
"https://splendorvibes.tumblr.com","cute : 1679"
"https://rotagirlofc.tumblr.com","meus : 184"
"https://investings.tumblr.com","stay safe : 23554"
"https://sthboutpink.tumblr.com","pink aesthetic : 69"
"https://eat-workout-love.tumblr.com","0"
"https://pretending-is-believing.tumblr.com","followme : 21"
"https://classichollywoodcentral.tumblr.com","old hollywood : 2400"
"https://ocean-of-acid.tumblr.com","queued : 119"
"https://get-n-spired.tumblr.com","0"
"https://fitness-kayjgrey.tumblr.com","0"
"https://foodpornfeed.tumblr.com","foodporn : 7995"
"https://iansssoper.tumblr.com","original photographers : 202"
"https://escape-to-paradise27.tumblr.com","summer : 6450"
"https://koksundkater.tumblr.com","berlin : 10"
"https://the-pearlearring.tumblr.com","fashion : 137"
"https://sfwbeautiful.tumblr.com","babes : 2416"
"https://jerryhughes.tumblr.com","india : 1232"
"https://fotourbanowicz.tumblr.com","family : 469"
"https://tobishinobi.tumblr.com","art : 727"
"https://fccinmemes.tumblr.com","dank memes : 144"
"https://thetravellinfoodie.tumblr.com","foodie : 1937"
"https://markdenin.tumblr.com","exporosas : 1106"
"https://beautiful-girls-pictures.tumblr.com","beautiful : 13063"
"https://ureasyfood.tumblr.com","food : 570"
"https://lutzsan.tumblr.com","0"
"https://shivohamyoga.tumblr.com","love : 2935"
"https://oldmansea.tumblr.com","personal : 272"
"https://mal3pir21.tumblr.com","mensfashion : 1594"
"https://tikkety-tok.tumblr.com","tik tok : 279"
"https://mereljournals.tumblr.com","writing : 83"
"https://tootruefunfacts.tumblr.com","comedy : 1689"
"https://gourmandise-and-co.tumblr.com","foodporn : 826"
"https://nevinmeryem.tumblr.com","happy : 25"
"https://bipolarpandamonium.tumblr.com","travel : 425"
"https://christian-quotes-faith.tumblr.com","inspiration : 2618"
"https://walking-geema.tumblr.com","0"
"https://byronthedogofwar.tumblr.com","byronthedogofwar : 758"
"https://kyliejennercontent.tumblr.com","kylie jenner : 356"
"https://gabopatapalo.tumblr.com","art : 106"
"https://archiethedingus.tumblr.com","dog photos : 18"
"https://funnyjoke.tumblr.com","funny : 2386"
"https://milkandwhiskeypodcast.tumblr.com","podcast : 117"
"https://shiba-natsu.tumblr.com","shiba : 2669"
"https://candelococina.tumblr.com","colombia : 40"
"https://yes-everything-flows.tumblr.com","art : 1484"
"https://anthonyknaape.tumblr.com","wiwt : 726"
"https://buckythefrenchy.tumblr.com","frenchbulldog : 3791"
"https://fredtougas.tumblr.com","film photography : 1841"
"https://s-t-a-r-d-u-s-t200.tumblr.com","likeforlike : 119"
"https://slogbait.tumblr.com","music : 80"
"https://we-lovecats.tumblr.com","cat : 1511"
"https://music.wordsnquotes.com","quotes : 1442"
"https://sunsetdesires.tumblr.com","style : 33264"
"https://trippyhaze420x.tumblr.com","weed : 71"
"https://planetofwomen.tumblr.com","planet of women : 807"
"https://bonadan.tumblr.com","sketchbook : 50"
"https://trashmee.tumblr.com","help : 3"
"https://meolog.tumblr.com","photographers on tumblr : 493"
"https://212trips.tumblr.com","trip : 104"
"https://gothchief.tumblr.com","goth : 28"
"https://wistfullycountry.tumblr.com","nature : 1594"
"https://haileyallendesigns.tumblr.com","pearl : 6955"
"https://iamyikikk.tumblr.com","0"
"https://justapinchrecipes.tumblr.com","recipe : 2873"
"https://artist-monet.tumblr.com","impressionism : 15470"
"https://outfits-book.tumblr.com","clothes : 2203"
"https://pvvlolka.tumblr.com","followme : 82"
"https://potterymakinginfo.tumblr.com","pottery : 575"
"https://jessandtrey.tumblr.com","0"
"https://williedynamite1.tumblr.com","fashion : 925"
"https://nowrun.tumblr.com","q : 724"
"https://withwild.tumblr.com","landscape : 359"
"https://okoge-corgi.tumblr.com","dog : 2322"
"https://effett.tumblr.com","concept art : 769"
"https://foodie-guiltfree.tumblr.com","food porn : 144"
"https://pabuthefirecat.tumblr.com","cat : 1385"
"https://shashiranjankr40.tumblr.com","bjp : 47"
"https://ttillinspires.tumblr.com","inspire : 794"
"https://so-this-is-christmas.tumblr.com","christmas : 7"
"https://magic-spelldust.tumblr.com","nature : 2781"
"https://photosofnorwaycom.tumblr.com","norway : 4279"
"https://powerblumen.tumblr.com","blumen : 3423"
"https://suiiiika.tumblr.com","lunch : 1588"
"https://lacooletchic.tumblr.com","soundcloud : 265"
"https://themoonpalyofficial.tumblr.com","dp4272 : 199"
"https://st-pam.tumblr.com","anonymous : 3303"
"https://myinnerlandscape.tumblr.com","tumblr birthday : 3"
"https://miyamachiyuki.tumblr.com","watercolor : 49"
"https://snowflakesonchristmas.tumblr.com","christmas : 1913"
"https://dezigneink.tumblr.com","culture : 171"
"https://workout-with-jlo.tumblr.com","handsome : 187"
"https://caionsilveira.tumblr.com","instant folllow back : 346"
"https://mykittyminka.tumblr.com","cats : 1064"
"https://mi-tristesa.tumblr.com","lifestyle : 23"
"https://birdietakesselfies.tumblr.com","selfie : 131"
"https://aeyrahh.tumblr.com","amwriting : 5"
"https://lifemaniac91.tumblr.com","0"
"https://chictextile.tumblr.com","chictextile : 479"
"https://bloggersfood.tumblr.com","food porn : 6279"
"https://memes-r-memes.tumblr.com","dank : 2179"
"https://lindagoesmushrooming.tumblr.com","nature : 1445"
"https://beautifulconfisionssad.tumblr.com","0"
"https://bcofit.tumblr.com","street style : 3684"
"https://cryovernight.tumblr.com","you are beautiful : 155"
"https://cascadeofdreams.tumblr.com","night : 640"
"https://shitimissu.tumblr.com","love : 105"
"https://glxtzy.tumblr.com",";youngadult : 877"
"https://thomasduncanphotography.tumblr.com","thomasduncanphotography : 1198"
"https://uzaydanhaberler.tumblr.com","uzay : 3022"
"https://romanteios.tumblr.com","qp : 676"
"https://anime.pink","hxh : 2010"
"https://keto.tumblr.com","0"
"https://out-of-context-batfam.tumblr.com","dc comics : 3940"
"https://illbethereforyou-friends.tumblr.com","harry potter : 82"
"https://exeplum.tumblr.com","god : 187"
"https://autumn-leaves-winter-breeze.tumblr.com","autumn : 2651"
"https://home-aesthetics.tumblr.com","0"
"https://leah-cultice.tumblr.com","fashion : 34502"
"https://theexceptionalstore.tumblr.com","exceptional : 356"
"https://roomp0rn.tumblr.com","decor : 12360"
"https://turnup500.tumblr.com","curvy women : 384"
"https://hannahwilliamshair.tumblr.com","hair : 123"
"https://ourflannellife.tumblr.com","daddy : 60"
"https://david-bowie-flowers.tumblr.com","david bowie and flowers : 718"
"https://magicclam.tumblr.com","antique : 147"
"https://cohetzel.tumblr.com","0"
"https://michaelmikemike.tumblr.com","black and white photography : 261"
"https://olafotografos.tumblr.com","photography : 116"
"https://actressesmodels.tumblr.com","beautiful : 7750"
"https://jmsonlyproperty.tumblr.com","sky : 49"
"https://hellyeah-friends.tumblr.com","friends : 4396"
"https://informationoverride.tumblr.com","dm me : 78"
"https://allabouthomelove.tumblr.com","decoration : 33"
"https://badandbabi.tumblr.com","me : 14"
"https://kippangel.tumblr.com","nativeamerican : 238"
"https://gifophunia.tumblr.com","0"
"https://theartofmadeline.tumblr.com","art : 74"
"https://harpersbazaar.tumblr.com","0"
"https://needjustin.tumblr.com","meninas : 424"
"https://i-tayb.tumblr.com","likes : 78"
"https://sweetdaydreamss.tumblr.com","followforfollow : 11"
"https://jsc-dorian-gray.tumblr.com","pinterest : 232"
"https://minimalism.tumblr.com","minimalism : 252"
"https://socomeonjumpwithme.tumblr.com","food : 250"
"https://qvotext.tumblr.com","quote : 276"
"https://rebellioustulip.tumblr.com","0"
"https://iradjmoini.tumblr.com","iradjmoini : 1164"
"https://theoreocat.tumblr.com","theoreocat : 7946"
"https://soufianeissa.tumblr.com","designforthought : 60"
"https://5sos.net","0"
"https://winterchristmastime.tumblr.com","weheartit.com : 1997"
"https://xxxalmost-poeticxxx.tumblr.com","nsft : 21"
"https://crashart26.tumblr.com","artists on tumblr : 2418"
"https://davideor94.tumblr.com","photographers on tumblr : 140"
"https://alecsgrg.co","vertical : 4342"
"https://fit-and-healthy-for-tomorrow.tumblr.com","fitspo : 71"
"https://swttkarm.tumblr.com","sad : 441"
"https://laurierollitt.tumblr.com","laurierollitt : 308"
"https://tuesdainoelle.tumblr.com","repost : 481"
"https://stephmurves.tumblr.com","stephmurves : 224"
"https://pro8l3my.tumblr.com","black and white : 121"
"https://indonesianchef.tumblr.com","food : 131"
"https://fantasyfashiondesign.tumblr.com","moda : 1756"
"https://blazehero.tumblr.com","0"
"https://romanticmoments.tumblr.com","0"
"https://suffocating-in-the-void.tumblr.com","alone : 223"
"https://ericaalmquistphotography.tumblr.com","erica almquist : 169"
"https://pupvisuals.tumblr.com","0"
"https://monsieur-j.tumblr.com","0"
"https://living-healthy-now.tumblr.com","0"
"https://adventureswithteddy.tumblr.com","teddy : 222"
"https://madisonhshapiro.tumblr.com","me : 535"
"https://realidadestatica.tumblr.com","lisboa : 814"
"https://blackyamineko.tumblr.com","goth : 24"
"https://sequinsandsatin.tumblr.com","fashion : 8304"
"https://offgrid-and-at-peace.tumblr.com","offgrid : 30"
"https://beautifulones.tumblr.com","beautiful : 273"
"https://jrosemaryi.tumblr.com","aestheitcs : 8"
"https://backstagestitches.tumblr.com","cross stitch : 351"
"https://mellymoonzwicca.tumblr.com","bored : 172"
"https://cozyhomestyle.tumblr.com","follow : 328"
"https://kayfitnessly.tumblr.com","fitspo : 37"
"https://fedebadop.tumblr.com","love : 30"
"https://onerihanna.tumblr.com","rihanna headers : 27"
"https://sphynxdaddy.tumblr.com","afterlight : 47"
"https://eleanorthecorgi.tumblr.com","corgi : 573"
"https://cirqueloz.tumblr.com","aerialist : 397"
"https://panoramicireland.tumblr.com","ireland : 698"
"https://ramirezerick.tumblr.com","photographers on tumblr : 152"
"https://myleenah.tumblr.com","selfie : 9"
"https://weddingideasposts.tumblr.com","wedding dress : 922"
"https://inquisicion-ilustrada.tumblr.com","blasfemia : 170"
"https://matialonsorphoto.tumblr.com","0"
"https://realpalvinbarbara.tumblr.com","barbara palvin : 6981"
"https://modellove.tumblr.com","cara delevingne : 6860"
"https://penbaillargeon.tumblr.com","0"
"https://ravenkult.tumblr.com","art : 81445"
"https://that-edm-life.tumblr.com","edm : 12169"
"https://introvertbaker.tumblr.com","0"
"https://from-this-day-forward.tumblr.com","wedding : 97"
"https://bangtan-twt-archive.tumblr.com","bangtan : 5083"
"https://sfmoma.tumblr.com","submission : 5149"
"https://tma-my.tumblr.com","0"
"https://asslikesmg.tumblr.com","celebrities : 252"
"https://mykittyworld.tumblr.com","0"
"https://fashionstoriesunknown.tumblr.com","art : 1361"
"https://happyhealthyandstronglife.tumblr.com","fitblr : 48"
"https://friendly-animals.tumblr.com","animals : 458"
"https://jessyherc.tumblr.com","etsy : 922"
"https://fashion-is-my-poetry.tumblr.com","fashion : 497"
"https://wanderlog.org","nature : 3002"
"https://luckyredclover.tumblr.com","rwby : 6090"
"https://visualizedmemories.tumblr.com","0"
"https://stephaniiexx.tumblr.com","black : 161"
"https://saddest-cat-hours.tumblr.com","0"
"https://carolwell-art.tumblr.com","art : 302"
"https://thinkingaddict.tumblr.com","love quotes : 20"
"https://thejalts.tumblr.com","amazing : 1094"
"https://plussizeneverlookedsogood.tumblr.com","bgs : 520"
"https://flowersforvegans.tumblr.com","vegan : 284"
"https://q-seducemagic-p.tumblr.com","me : 159"
"https://geographicwild.tumblr.com","0"
"https://xiaozhanteeth.tumblr.com","lan wangji : 36"
"https://b-a-d-n-e-s-s.tumblr.com","0"
"https://ytfpod.tumblr.com","disney : 8"
"https://astrollogus.tumblr.com","ic : 1995"
"https://airbnbfestivals.tumblr.com","vacation : 15682"
"https://hubby-bi-choice.tumblr.com","sexy : 1486"
"https://diy-and-crafts-awesomeness.tumblr.com","diy : 215558"
"https://lilyhandmadesingapore.tumblr.com","birthday : 383"
"https://oneshotolive.tumblr.com","nature : 12757"
"https://wroclovedrugs.tumblr.com","blackandwhite : 47"
"https://skgt01.tumblr.com","food : 1016"
"https://poetsandnomads.tumblr.com","0"
"https://cmiceli11.tumblr.com","likeforlikes : 723"
"https://caemidraws.tumblr.com","0"
"https://impactfuma.tumblr.com","art : 652"
"https://t4t4ttt444.tumblr.com","sebastian stan : 191"
"https://throwbackmodel.tumblr.com","0"
"https://gianvillaruel.tumblr.com","0"
"https://augustocesaraquino.tumblr.com","instagram : 423"
"https://myshelties.tumblr.com","dog : 189"
"https://lifeofshralp.tumblr.com","vancouver : 1532"
"https://rodwey2004.tumblr.com","streetphotography : 4769"
"https://priankobiswasphotography.tumblr.com","photography : 476"
"https://bonelessp1zza.tumblr.com","0"
"https://sasisgettingfit.tumblr.com","health & fitness : 250"
"https://jvbphotography126.tumblr.com","hiking : 84"
"https://reflectvibes.tumblr.com","beautiful : 1400"
"https://versos-fotos-soltos.tumblr.com","photography : 187"
"https://loveclothing.tumblr.com","fashion : 426"
"https://malcolmbrights.tumblr.com","f : 2258"
"https://amethystwings.tumblr.com","me : 119"
"https://mantasunrays.tumblr.com","sky : 136"
"https://drew-bear84.tumblr.com","gay : 527"
"https://umaflorpordia.tumblr.com","nature : 205"
"https://nebulosa-mental.tumblr.com","love : 70"
"https://kwesiabbensettsstudio.tumblr.com","kwesiabbensetts : 1620"
"https://ramimaleksfuckbuddy.tumblr.com","men : 83"
"https://doberart.tumblr.com","my art : 1440"
"https://huerta-art.tumblr.com","armando huerta : 22"
"https://travel-pilgrim.tumblr.com","travel : 18097"
"https://horizongirls.com","myownuploads : 2438"
"https://meniquemarie.tumblr.com","follow : 32"
"https://andreapasson.tumblr.com","model : 1056"
"https://onpastel.tumblr.com","follow : 21015"
"https://omg-shes-so-beautiful.tumblr.com","0"
"https://theworldsmosthatedakacr7.tumblr.com","0"
"https://electronicsquid.tumblr.com","life : 19875"
"https://lazygirldinners.tumblr.com","food : 237"
"https://skull-heads.tumblr.com","art : 304"
"https://astound-me.tumblr.com","amazing : 3081"
"https://mumblo-number-five.tumblr.com","celebrity : 6582"
"https://okami-ae.tumblr.com","latvia : 218"
"https://glamspammed.tumblr.com","source : 1487"
"https://cat-cosplay.tumblr.com","cat cosplay : 1608"
"https://millionpoundnigga.tumblr.com","anymoneysgood : 104"
"https://goodskies.tumblr.com","0"
"https://www.islamicthinking.info","islam : 2160"
"https://mr-styles.tumblr.com","harry styles : 3556"
"https://restyemerrygentlemen.tumblr.com","christmas : 7"
"https://drawing-prompt-s.tumblr.com","submission : 30"
"https://studiokillers.tumblr.com","0"
"https://teddybearwoes.tumblr.com","cats : 295"
"https://lagrrima.tumblr.com","0"
"https://djspaqz.tumblr.com","djspaqz : 974"
"https://evanlovejoy.tumblr.com","art : 309"
"https://bestpicsmcs.tumblr.com","0"
"https://emotiondiary.tumblr.com","quotes : 55"
"https://weed-and-poetry.tumblr.com","0"
"https://archimaps.tumblr.com","0"
"https://hidden-paradiselife.tumblr.com","0"
"https://bitchyybeachh.tumblr.com","beach : 70"
"https://saxofficial.com","0"
"https://vittlemonster.tumblr.com","food : 2659"
"https://nothingbuiltinaday.tumblr.com","0"
"https://nicolettemaav.tumblr.com","0"
"https://whenoutatsea.tumblr.com","ocean : 168"
"https://aperture24.tumblr.com","0"
"https://annajewelsphotography.tumblr.com","0"
"https://sadgeminibabe.tumblr.com","0"
"https://knithacker.tumblr.com","handmade : 4889"
"https://helenmask.tumblr.com","art nouveau : 410"
"https://frenchbraid-mamacita.tumblr.com","instagood : 70"
"https://dogvisuals.tumblr.com","0"
"https://followme-lads.tumblr.com","0"
"https://autumn-and-winter-love.tumblr.com","autumn : 30"
"https://svndvn.tumblr.com","0"
"https://interiors-stuff.tumblr.com","interior design : 591"
"https://onlybabes-1.tumblr.com","sexy : 413"
"https://californiavida.tumblr.com","californiavida : 424"
"https://theamazingdigitalart.tumblr.com","art : 7457"
"https://nature-hiking.tumblr.com","0"
"https://hale-moe-uhane.tumblr.com","real estate : 404"
"https://wherewedding.tumblr.com","0"
"https://dolls-ofthe-world.tumblr.com","0"
"https://juilletdeux.tumblr.com","0"
"https://midnight-loves.tumblr.com","0"
"https://flirty-jennette-mccurdy.tumblr.com","jennette mccurdy : 1210"
"https://igmakeup.com","beauty : 33342"
"https://yaethos.tumblr.com","35mm film : 51"
"https://baja-baja.tumblr.com","art : 1176"
"https://warrenmoris.tumblr.com","0"
"https://omisteriodasduasirmas.tumblr.com","amazing : 277"
"https://stylishirish.tumblr.com","h : 5361"
"https://marniethedog.com","marnie the dog : 177"
"https://charsofglass.tumblr.com","vegas : 91"
"https://jessicaisufii.tumblr.com","makeup : 152"
"https://hitmewithcute.tumblr.com","0"
"https://desireofparadise.tumblr.com","beautiful : 368"
"https://allythyme.tumblr.com","baby : 15"
"https://therumble-online.tumblr.com","0"
"https://dixiejos.tumblr.com","0"
"https://supercodi.tumblr.com","ftm : 1244"
"https://19771012.tumblr.com","0"
"https://haircolorful.tumblr.com","0"
"https://muchomoto.tumblr.com","dailydoodle : 3151"
"https://solarsvstems.tumblr.com","0"
"https://z-amazing.tumblr.com","adorable : 731"
"https://life1nmotion.com","interiors : 10105"
"https://adambenhall.tumblr.com","original photographers : 159"
"https://therestofwinter.tumblr.com","winter : 193"
"https://littlebushbabythings.tumblr.com","bush baby : 36"
"https://chrislai88.tumblr.com","instalike : 1112"
"https://edwinter00.tumblr.com","instamood : 489"
"https://thelovewhisperer.tumblr.com","0"
"https://easynhealthyfoodrecipes.tumblr.com","foodporn : 632"
"https://keycmndr.tumblr.com","photographers on tumblr : 3134"
"https://skirtmag.tumblr.com","beauty : 277"
"https://realdogsdontwhisper.tumblr.com","dog : 522"
"https://beauty-lady-me.tumblr.com","followforfollow : 72"
"https://shopjaunt.tumblr.com","beach : 18"
"https://wedding-affair.tumblr.com","bridal : 767"
"https://ommanyte.tumblr.com","0"
"https://alexey-argentum.tumblr.com","photo : 67"
"https://argxntxm.tumblr.com","ff : 7399"
"https://kaia-jgerber.tumblr.com","0"
"https://girlsduchess.tumblr.com","instagood : 1656"
"https://rejlaaaa.tumblr.com","beautiful quote : 28"
"https://ayevanni.tumblr.com","0"
"https://breaking-muscle.tumblr.com","crossfit : 11298"
"https://artbytal.tumblr.com","sketchbook : 317"
"https://lynnepinnockphotography.tumblr.com","0"
"https://magicpotiondaily.tumblr.com","fashion : 299"
"https://forever-winter-wonderland.tumblr.com","winter : 2481"
"https://frederikkejul.tumblr.com","0"
"https://red-shirai.tumblr.com","instaphoto : 19"
"https://spiritualityquotes.tumblr.com","life : 2882"
"https://mariotorosart.tumblr.com","art : 56"
"https://homedecorationarticles.tumblr.com","0"
"https://foodemon.tumblr.com","food : 2219"
"https://thenohls.tumblr.com","0"
"https://femiconsz.tumblr.com","icons : 265"
"https://endless-puppies.tumblr.com","0"
"https://risingvibes.tumblr.com","0"
"https://eat-well-and-go-to-the-gym.tumblr.com","0"
"https://marealitefit.tumblr.com","blackman : 63"
"https://cutecatzone.tumblr.com","animals : 1152"
"https://thriftymommabird.tumblr.com","thrifting : 43"
"https://saxes-stuff.tumblr.com","0"
"https://elvonimages.tumblr.com","blackout : 31"
"https://inefekt69.tumblr.com","japan : 896"
"https://bdbangladesh.tumblr.com","bangladesh : 238"
"https://laurencejpg.tumblr.com","fashion : 156"
"https://enmamorean.tumblr.com","love : 137"
"https://artschoolglasses.tumblr.com","my photos : 4833"
"https://digolrose.tumblr.com","oil painting : 127"
"https://ostdrossel.tumblr.com","birds : 2494"
"https://tamper.tumblr.com","up : 331"
"https://photofawn.tumblr.com","0"
"https://reality-of-love.tumblr.com","0"
"https://chikuwathecat.tumblr.com","0"
"https://natural-beauty-lovers.tumblr.com","0"
"https://charingcrossstation.tumblr.com","0"
"https://pauladoodles.tumblr.com","ink : 132"
"https://g-i-r-l-s-78.tumblr.com","girls : 68"
"https://queen-with-goals.tumblr.com","glam : 2218"
"https://pedromgabriel.com","landscape : 2213"
"https://yummyinmytumbly.tumblr.com","food : 56320"
"https://lulusmoviediary.tumblr.com","poster : 27"
"https://checkiday.tumblr.com","holiday : 10933"
"https://weddywood.tumblr.com","wedding : 2770"
"https://kimi-eats-gluten-free.tumblr.com","0"
"https://understands.tumblr.com","upl : 4409"
"https://crestren.tumblr.com","0"
"https://chi-knight.tumblr.com","0"
"https://baby-elephant-gifs.tumblr.com","0"
"https://bringmecatsposts.tumblr.com","cat : 13947"
"https://meet-to-chat.tumblr.com","chat : 339"
"https://stimmy-rin.tumblr.com","0"
"https://drawing-log.tumblr.com","drawing : 2684"
"https://la-sociedad-es-una-porqueria.tumblr.com","0"
"https://haydenwilliamsillustrations.tumblr.com","0"
"https://rba-blog.tumblr.com","instagram : 1674"
"https://picscute.tumblr.com","0"
"https://fifineller.tumblr.com","0"
"https://techu8th.tumblr.com","0"
"https://blackgirlsreverything.tumblr.com","0"
"https://youri-garfinkiel.tumblr.com","0"
"https://powderdoom.tumblr.com","0"
"https://yourvegetarianlifestyle.tumblr.com","0"
"https://atiwo.tumblr.com","0"
"https://ohyeahpop.tumblr.com","0"
"https://durahzno.tumblr.com","0"
"https://mayyourfashion.tumblr.com","0"
"https://sweetoothgirl.tumblr.com","0"
"https://solar-systers.tumblr.com","0"
"https://thatveganfitblr.tumblr.com","0"
"https://dharmayogawheel.tumblr.com","dharmayogawheel : 1584"
"https://dogs-memes.tumblr.com","0"
"https://safeintheforest.tumblr.com","forest : 585"
"https://cyclades-islands.tumblr.com","0"
"https://madewithmakeup.co.uk","makeup : 417"
"https://makosinnergy.tumblr.com","reblog : 4210"
"https://jtmmpd.tumblr.com","beach : 7"
"https://beerselfie.tumblr.com","repost : 6854"
"https://beardedvikingur.tumblr.com","sexy af : 163"
"https://starstrucksuttardontheboldtype.tumblr.com","sutton brady : 26"
"https://megpricephotography.tumblr.com","border collie : 797"
"https://artist-davinci.tumblr.com","leonardodavinci : 7585"
"https://libbyframe.tumblr.com","art : 525"
"https://bob-belcher.tumblr.com","ad : 7752"
"https://pinkushitsuji.tumblr.com","kuroshitsuji : 137"
"https://notsogoodphotographer.tumblr.com","original photographers : 35"
"https://wedding5.tumblr.com","wedding : 16"
"https://photofeesh.tumblr.com","puppy : 436"
"https://xelcon.tumblr.com","konart : 645"
"https://januvry.tumblr.com","aesthetic : 31"
"https://luna-luxxor.tumblr.com","grunge : 519"
"https://spirit-of-art.tumblr.com","art : 1444"
"https://makeupandbeautyblogsworld.tumblr.com","makeup : 193"
"https://anamiguelmendes.tumblr.com","tokio hotel : 408"
"https://picsbymar.tumblr.com","photograph : 41"
"https://balletbeautifulnyc.tumblr.com","ballet : 810"
"https://uniquedollface.tumblr.com","fashion : 7674"
"https://thinkpositive2.tumblr.com","life : 6928"
"https://qimmah-russo.tumblr.com","model : 427"
"https://abselfie.tumblr.com","muscle : 373"
"https://intermittentwisdom.tumblr.com","not me : 212"
"https://rebusx.tumblr.com","beauty : 1536"
"https://sobodyuk.tumblr.com","food : 20351"
"https://otstoyy-y.tumblr.com","me : 56"
"https://the-colors-of-the-wind.tumblr.com","photography : 21"
"https://sunandmoonrisestoday.tumblr.com","inspiration : 353"
"https://jonahreenders.tumblr.com","nature : 1419"
"https://breathuvlyferecs.tumblr.com","love : 740"
"https://daddysgirll79.tumblr.com","little : 25"
"https://hrt-makeup.tumblr.com","makeup : 947"
"https://menswearstuff.tumblr.com","fashion week : 310"
"https://creamycaramelhoe.tumblr.com","follow my tumblr : 56"
"https://giada-morgana.tumblr.com","wanderlust : 135"
"https://writinghole.tumblr.com","hunk : 11"
"https://mysharona1987.tumblr.com","woc : 10597"
"https://12305fifthhelenadrive.tumblr.com","marilyn monroe : 2882"
"https://dmdmkh.tumblr.com","arabiccalligraphy : 56"
"https://spread-positivity-everywhere.tumblr.com","positivity : 311"
"https://dunkel-f.tumblr.com","gay : 471"
"https://herkestenuzaksanayakin.tumblr.com","tumblr : 13"
"https://stayradnotsad.tumblr.com","blood : 344"
"https://pufffffin.tumblr.com","animals : 499"
"https://kilianromero.tumblr.com","vintage : 627"
"https://simwest.tumblr.com","simwest : 520"
"https://surprisebitch.tumblr.com","x : 9132"
"https://blog-fashion-choco-chic.tumblr.com","fashion : 16709"
"https://manravic.tumblr.com","beauty : 60"
"https://respectthewolf.tumblr.com","wolves : 1209"
"https://lordtrollingham.tumblr.com","flower : 27"
"https://davydson.tumblr.com","drawing : 70"
"https://bohemianromance123.tumblr.com","bohemian : 1375"
"https://phantomphotographics.tumblr.com","rollerderby : 1522"
"https://divinefiore.tumblr.com","tumblr : 92"
"https://cyitoh-blog.tumblr.com","food : 42"
"https://deivswitchyphotography.tumblr.com","photography : 126"
"https://sponsalia.tumblr.com","wedding : 1303"
"https://princeza-fashionista.tumblr.com","fashion : 212"
"https://totallygamerlife.tumblr.com","gaming : 50907"
"https://noralovely.tumblr.com","girl : 258"
"https://lovegiavanna.tumblr.com","selfie : 33"
"https://georgianadesign.tumblr.com","interiors : 15600"
"https://maplenutnook.tumblr.com","autumn : 47"
"https://animals-extreme-love.tumblr.com","animal : 59"
"https://solookintomyeyesandbreathe.tumblr.com","black and white : 47"
"https://itslini95.tumblr.com","photography : 29"
"https://massimoankorworld.tumblr.com","instagood : 580"
"https://camilachi2.tumblr.com","me : 139"
"https://amazingyoungwomen.tumblr.com","heather morris : 48"
"https://yellowbellyup.tumblr.com","yellow : 152"
"https://mukimunah.tumblr.com","music : 2352"
"https://heymi243.tumblr.com","wallpaper : 93"
"https://skelitonqueen02.tumblr.com","skeleton roleplay : 239"
"https://sinsndemons0666.tumblr.com","420 : 16"
"https://lhgfx-photography-collection.tumblr.com","model : 166"
"https://fridaystar.tumblr.com","ask : 785"
"https://orihciok.tumblr.com","photography : 3316"
"https://gravestenchart.tumblr.com","gravestenchart : 52"
"https://bellford.tumblr.com","model : 259"
"https://b-e-a-u-t-i-f-u-l-w-o-m-e-n.tumblr.com","0"
"https://hagiharatakuya.tumblr.com","design : 3166"
"https://perfectly-mysterious.tumblr.com","black and white : 5"
"https://fuckyeahnostalgicbeauty.tumblr.com","nostalgia : 1649"
"https://artfoli.tumblr.com","art : 1452"
"https://xenatherottweiler.tumblr.com","animals : 1219"
"https://bloomsandfoliage.tumblr.com","flowers : 1201"
"https://gamersoul11.tumblr.com","video games : 11"
"https://rafita1991.tumblr.com","gay : 201"
"https://animal-addiction-love.tumblr.com","wushu : 193"
"https://knowwhatimeme.tumblr.com","funny : 898"
"https://moccabun.tumblr.com","art by op : 259"
"https://psychology-daily.tumblr.com","psychologydaily : 46709"
"https://excellentfloorplans.tumblr.com","floorplan : 1841"
"https://xoxoecho.tumblr.com","transgender : 12"
"https://jemaystraveljournal.tumblr.com","vacation : 37"
"https://badass-genius.tumblr.com","art : 396"
"https://variation-magazine.tumblr.com","gerardgranja : 272"
"https://landscape-lunacy.tumblr.com","landscape : 6777"
"https://miss-starrynight.tumblr.com","life quotes : 240"
"https://codexurbanus.tumblr.com","codex urbanus : 629"
"https://carlaeatsplants.tumblr.com","vegan : 3166"
"https://luvsickbabie.tumblr.com","sugar baby : 76"
"https://progressivepower.tumblr.com","instagram : 11372"
"https://world-of-cats.tumblr.com","cat : 7367"
"https://clawmyheart.tumblr.com","imas : 35"
"https://architorturedsouls.tumblr.com","architecture : 3469"
"https://alzbetabiskupova.tumblr.com","vacation : 35"
"https://isabelcostasixties.tumblr.com","fashion : 3262"
"https://mellvioline.tumblr.com","ecole estienne : 173"
"https://highsocietymagazine.tumblr.com","luxury : 2397"
"https://newlife4you.tumblr.com","jesuschrist : 3330"
"https://foodie-foods.tumblr.com","foodporn : 264"
"https://howtostreetstyle.tumblr.com","fashion : 27506"
"https://archivecharli.tumblr.com","the hype house : 183"
"https://haunted-cabin.tumblr.com","snow : 26"
"https://xxcrystalrosesxx.tumblr.com","me : 54"
"https://learningtoliveagain7896.tumblr.com","spilled thoughts : 264"
"https://gymbunnyamber.tumblr.com","fitness : 6083"
"https://la-ragazzadellaporta-accanto.tumblr.com","love : 68"
"https://swimgirlbikini.tumblr.com","swimsuit : 475"
"https://killercorolla.tumblr.com","costa rica : 45"
"https://wolvas.tumblr.com","gaming : 2265"
"https://basedskin.tumblr.com","basedskin : 388"
"https://anaadi.tumblr.com","biology : 8"
"https://tropiclyy.tumblr.com","summer : 24307"
"https://olgaxmphotography.tumblr.com","tumblr photography : 681"
"https://theredcarstairs.tumblr.com","tlh : 91"
"https://cvdi.tumblr.com","kid cudi : 902"
"https://litt1ekitten.tumblr.com","english girl : 20"
"https://peppermintstranger.tumblr.com","rpg : 2488"
"https://vladimemer.tumblr.com","dankmemes : 357"
"https://animal-photographyy.tumblr.com","cat : 43"
"https://pierde-la-panza.tumblr.com","bajar de peso : 3892"
"https://mamaede-primeiravigem.tumblr.com","gravidez : 10"
"https://toko-t.tumblr.com","art : 62"
"https://faronmckenzie.tumblr.com","meditation : 359"
"https://theminttu.tumblr.com","art : 630"
"https://iconsfavss.tumblr.com","headers : 61"
"https://sexylongsskinnylegsdance.tumblr.com","dancing : 146"
"https://street-photography-london.tumblr.com","london : 314"
"https://park1irene.tumblr.com","fashion : 787"
"https://aeliaarcanum.tumblr.com","cosplay : 126"
"https://mooncactus.tumblr.com","skulduggery pleasant : 622"
"https://qdboo.tumblr.com","reblog : 77"
"https://gulpinarbutik.tumblr.com","konya : 972"
"https://sixdotten.tumblr.com","i love her : 157"
"https://susanaesono1.tumblr.com","love : 1610"
"https://aratrikag05.tumblr.com","photography : 310"
"https://greenminister.tumblr.com","eat : 1665"
"https://wolfsilveroak.tumblr.com","dantesspirit : 1596"
"https://fluffyzeus.tumblr.com","samoyeds : 107"
"https://nickiezimov.com","nickie zimov : 398"
"https://healthtipsxx.tumblr.com","health : 2453"
"https://melisica.com","fav : 514"
"https://thegirlinthemiddlerunway.tumblr.com","fashion : 23632"
"https://ladyemma55.tumblr.com","nice : 3529"
"https://babyndada.tumblr.com","baby : 244"
"https://fyeah-haroldlloyd.tumblr.com","harold lloyd : 5276"
"https://the-smoking-pope.tumblr.com","girls who smoke : 81"
"https://mango-vanilla-mochi.tumblr.com","mochi the dog : 344"
"https://jothroxas.tumblr.com","beep beep karr : 13824"
"https://fashionarmys.tumblr.com","fashion : 1502"
"https://mo-world-us.tumblr.com","photography : 47"
"https://isnook72.tumblr.com","love : 814"
"https://rosemarydanielis.tumblr.com","photographers on tumblr : 1389"
"https://micahulrichdraws.tumblr.com","art : 951"
"https://kelogsloops.tumblr.com","art : 390"
"https://saciar-mi-paladar.tumblr.com","vegetarian : 50"
"https://whereiseefashion.tumblr.com","fashion : 452"
"https://womanlalaboy.tumblr.com","womanlalaboy : 158"
"https://floraloftheday.tumblr.com","floraloftheday : 114"
"https://goodiegodmother.tumblr.com","delicious : 226"
"https://frie-nds.tumblr.com","queue : 14667"
"https://keepthetradition718.tumblr.com","food : 35"
"https://robsimons.tumblr.com","rob simons : 1715"
"https://4nimalparty.tumblr.com","landscape : 5532"
"https://jumeria-creations.tumblr.com","jumeria : 1371"
"https://the-one-where-mood.tumblr.com","friends : 985"
"https://aqua-regia009.tumblr.com","art : 2421"
"https://angelapeauty.tumblr.com","lifestyle : 1934"
"https://homemakerhoney.tumblr.com","tradfem : 194"
"https://jeffcomber.tumblr.com","jeff comber : 421"
"https://sinnamonscouture.tumblr.com","fashion : 11438"
"https://womensbodybuilding.tumblr.com","weight : 1039"
"https://vincentpaper.tumblr.com","art : 29"
"https://classicfashionista.tumblr.com","lifestyle : 7282"
"https://vdrnation.tumblr.com","drole : 8423"
"https://centralperk2019.tumblr.com","friends : 7"
"https://bubblegumcutiee.tumblr.com","pink : 35"
"https://probablynetti.tumblr.com","nature : 292"
"https://posers247.tumblr.com","posers club : 643"
"https://societaldecline.tumblr.com","societal decline : 12384"
"https://callitcatwalk.tumblr.com","aesthetic : 27"
"https://lifestyleofluxe.tumblr.com","lifestyle : 2019"
"https://livinglowercarb.tumblr.com","health : 1982"
"https://nitramar.tumblr.com","photo : 1875"
"https://alainbonafini.tumblr.com","photooftheday : 499"
"https://thebeautifulindians.tumblr.com","beautiful : 417"
"https://liamdryden.tumblr.com","gifset : 2010"
"https://fuckingcuntwh0re.tumblr.com","love : 141"
"https://bestinflatablejimworld.tumblr.com","party : 270"
"https://newtonpermetersquare.tumblr.com","science : 4272"
"https://onlybestcooking.tumblr.com","food : 352"
"https://iamdogtrainer.tumblr.com","dogs : 974"
"https://snowdogs11.tumblr.com","photography : 691"
"https://girls-women-hot.tumblr.com","girl : 93"
"https://weddingringsdirect.tumblr.com","wedding rings : 3016"
"https://daviddecamps-blog.tumblr.com","daviddecamps : 675"
"https://themuslimmale.tumblr.com","muslim : 373"
"https://asksusplitau.tumblr.com","steven universe : 21"
"https://jlbwedding.tumblr.com","gif : 449"
"https://classicalmonuments.tumblr.com","art : 404"
"https://vit-727.tumblr.com","coubvideo : 531"
"https://onlyathleticgirls.tumblr.com","fitness : 1066"
"https://badbadchristine.tumblr.com","pastel goth : 13"
"https://rebeldynasty.tumblr.com","whispers of nowhere : 56"
"https://lavendergoodies.tumblr.com","foodie : 13"
"https://pandagyoza.tumblr.com","art : 396"
"https://becoming-her-beast.tumblr.com","runblr : 424"
"https://louisesdeharry.tumblr.com","love : 704"
"https://simple-standard.tumblr.com","fashion : 529"
"https://arias-diaryy.tumblr.com","vscodaily : 52"
"https://journey2lean-mean-green.tumblr.com","vegan : 239"
"https://yoshi-nishi-photo.tumblr.com","earth : 39"
"https://helencarosi.tumblr.com","canon : 276"
"https://saadies-s.tumblr.com","illustration : 84"
"https://missfly-polaroids.tumblr.com","photography : 710"
"https://veganzoblog.tumblr.com","vegetarian : 139"
"https://thestylesupreme.tumblr.com","plus size : 390"
"https://the-thundering-herd.tumblr.com","dog : 2250"
"https://spoonboy2003.tumblr.com","mob : 11"
"https://trans-siberian-orchestra-life.tumblr.com","trans siberian orchestra : 1004"
"https://im-hyejin.tumblr.com","babygirl : 28"
"https://kaunadior.tumblr.com","beauty : 46"
"https://feastuponthis.tumblr.com","food porn : 7445"
"https://keepingitneutral.tumblr.com","art : 1864"
"https://olhamor.tumblr.com","fashion : 110"
"https://inspcrp.tumblr.com","muse inspo : 640"
"https://white-haute.tumblr.com","happy : 4155"
"https://malemodelscene.tumblr.com","male models : 3985"
"https://adayinthelifeofmmw.tumblr.com","maggiemaewestie : 976"
"https://antosims.tumblr.com","anto : 205"
"https://stripeout.tumblr.com","repost : 1032"
"https://zetrystan.tumblr.com","drawing : 506"
"https://shiny-bianca.tumblr.com","model : 854"
"https://e-shining.tumblr.com","nature : 967"
"https://alraunahomestead.tumblr.com","rustic : 935"
"https://tinyhousedesert.tumblr.com","desert : 104"
"https://coralitaxxo.tumblr.com","beautiful : 8"
"https://lookingbackatfashionhistory.tumblr.com","fashion history : 1293"
"https://feliciachiao.tumblr.com","0"
"https://ami-ven.tumblr.com","holiday : 5443"
"https://artismeanttodisturb.tumblr.com","morning : 704"
"https://yoongizzzedits.tumblr.com","yoongizzz : 240"
"https://creed801.tumblr.com","foodie : 369"
"https://yeehawmeme.tumblr.com","humor : 264"
"https://yokito-nut.tumblr.com","like : 15"
"https://mstkldesign.tumblr.com","art : 377"
"https://doggienations.tumblr.com","dogblr : 30"
"https://sunnyseason.tumblr.com","style : 2852"
"https://friends-incorrect-quotes.tumblr.com","chandler bing : 5"
"https://gajo1987.tumblr.com","gajo1987 : 1641"
"https://erick11david.tumblr.com","picoftheday : 49"
"https://sew-into-music.tumblr.com","e : 215"
"https://nuance.tumblr.com","blue : 2647"
"https://felipeh13.tumblr.com","tumblr : 38"
"https://tamigurumi.tumblr.com","crochet : 191"
"https://royjohnson1971.tumblr.com","photography : 588"
"https://itscreepyworld.tumblr.com","grunge : 406"
"https://realgrumpycat.tumblr.com","grumpycat : 762"
"https://terriblerealestateagentphotos.com","real estate : 756"
"https://motivation-and-fitness.com","fit : 1472"
"https://alexisthekid.tumblr.com","me : 45"
"https://mmvtion.tumblr.com","body goals : 289"
"https://thepinkmidnight.tumblr.com","pink : 228"
"https://frostklamm.tumblr.com","nature : 990"
"https://withcristelle.tumblr.com","igfood : 86"
"https://tanyakirillova.tumblr.com","vscocam : 591"
"https://artruby.com","art : 5536"
"https://briawanderlust.tumblr.com","grunge : 375"
"https://olymyne.tumblr.com","olymyne : 71"
"https://whendidmythoughtsgocrazy.tumblr.com","k.b. : 425"
"https://makaylamarie239.tumblr.com","likeforfollow : 7"
"https://thatssocheezy.com","that's so cheezy! : 1050"
"https://naomiareyouhappy.tumblr.com","happiness : 402"
"https://ssasakii.tumblr.com","q : 9983"
"https://ugly--cupcakes.tumblr.com","food : 493"
"https://mellowdramarama.tumblr.com","i follow back : 27"
"https://universeofmemes.tumblr.com","funny : 1122"
"https://foodiepitstop.tumblr.com","food : 4476"
"https://witchingreblogs.tumblr.com","defaults : 1242"
"https://miraculoustang.tumblr.com","homestuck : 254"
"https://vietnam-cuties.tumblr.com","vietnam : 226"
"https://myfashionburden.tumblr.com","fashion : 128"
"https://n0rthseed.tumblr.com","edm : 14"
"https://power4blog.tumblr.com","dnd : 26864"
"https://sag-venus.tumblr.com","makeup : 41"
"https://estehmanistanpagula.tumblr.com","rindu : 901"
"https://the-girl-not-next-door.tumblr.com","quote : 180"
"https://sarcasmicmotivation.tumblr.com","sarcasm : 205"
"https://melissaclxrk.tumblr.com","chats : 105"
"https://visualgraphc.tumblr.com","design : 18399"
"https://billainsystems.tumblr.com","billain : 70"
"https://steventrevor.tumblr.com","f4f : 16815"
"https://kamaronrae.tumblr.com","selfie : 227"
"https://ellacott-photography.tumblr.com","photography : 1995"
"https://adjustdafacts.tumblr.com","model : 267"
"https://facuoliverr.tumblr.com","vsco : 213"
"https://luqxury.tumblr.com","aesthetic : 248"
"https://whumpster-dumpster.tumblr.com","whump : 1577"
"https://aibostims.tumblr.com","gifs : 282"
"https://authorellenmint.tumblr.com","dragon age : 416"
"https://soupsane.tumblr.com","anime : 3330"
"https://moody-nature.tumblr.com","landscape : 1669"
"https://kianlawley.tumblr.com","follow this blog! : 91"
"https://hushbabym.tumblr.com","black women : 32"
"https://animyuls.tumblr.com","cat meme : 296"
"https://kainhinyero.tumblr.com","personal : 133"
"https://vampireapologist.tumblr.com","anonymous : 1641"
"https://infinite-movement.tumblr.com","male model : 15200"
"https://writingprompts.tumblr.com","education : 694"
"https://klepher.tumblr.com","klefer : 199"
"https://momentsailing.tumblr.com","sailing : 950"
"https://video-care2.tumblr.com","pikachu : 955"
"https://guddurupani.tumblr.com","guddurupani : 8"
"https://elblogdelaschicasperdidas.tumblr.com","fotografia : 260"
"https://ootdinspirationblog.tumblr.com","ootd : 2152"
"https://somememething.tumblr.com","funny : 25"
"https://lifeisshortandyouarebeautiful.tumblr.com","actually bpd : 76"
"https://designismymuse.tumblr.com","architecture : 2581"
"https://murmarusia.tumblr.com","like4follow : 14"
"https://dualvoidanima.tumblr.com","art : 486"
"https://nythroughthelens.com","new york city : 1559"
"https://bokuwachikuwa.tumblr.com","cat : 2864"
"https://felipearis.tumblr.com","felipe aris : 461"
"https://loadingartist.tumblr.com","loading artist : 577"
"https://thegrimmatter.tumblr.com","original photographers : 224"
"https://remodelproj.tumblr.com","architecture : 2720"
"https://musclestrength.tumblr.com","workout : 421"
"https://rawandaas.tumblr.com","wanderlust : 756"
"https://jo-marvel-grimm.tumblr.com","reblog : 252"
"https://tropicallyv.tumblr.com","summer : 61"
"https://ishowlove2u.tumblr.com","ishowlove2u : 312"
"https://powerbunnyblog.tumblr.com","anime : 130"
"https://jlfeixa.tumblr.com","black and white : 222"
"https://denizdemek.tumblr.com","instadaily : 2"
"https://heelanhomestead.tumblr.com","scotland : 265"
"https://dafitness4shawn.tumblr.com","vegan : 98"
"https://findingwinteriron.tumblr.com","summer : 178"
"https://globalforces.tumblr.com","antiterrorism : 4"
"https://blobbynfriends.tumblr.com","blobfish : 146"
"https://myincubusupdate.tumblr.com","incubus : 8520"
"https://0n-y0ur-left.tumblr.com","look ma she can queue : 11902"
"https://thesincerethoughts.tumblr.com","quotes : 73"
"https://poemstextwords.tumblr.com","emotion : 620"
"https://fannyrosie.tumblr.com","fanny rosie : 817"
"https://kitten-rescue.tumblr.com","kitten rescue : 103"
"https://tatsu-heartbeat.tumblr.com","vsco effect : 176"
"https://theschoolgirlblues2.tumblr.com","me : 142"
"https://ulzzangsedits.tumblr.com","ulzzang : 80"
"https://fridaybear.tumblr.com","bear : 416"
"https://thelonerlounge.tumblr.com","love : 379"
"https://somos-moda.tumblr.com","moda : 18339"
"https://moodboardmix.tumblr.com","art : 8461"
"https://reallyloudcolor.tumblr.com","gif : 55"
"https://centralperksstuff.tumblr.com","harry potter : 19"
"https://gwsn.tumblr.com","gwsn : 2384"
"https://nyahbaee.tumblr.com","black trans women : 4"
"https://fffurnitures.tumblr.com","fffurnitures : 637"
"https://little-shop-of-nola.tumblr.com","louisiana : 2569"
"https://angstschreeuw.tumblr.com","insta @timstahgram x : 3066"
"https://kilgorezouzou.tumblr.com","cat : 133"
"https://paulisson.tumblr.com","photographers on tumblr : 563"
"https://i-justreally-like-cats-okay.tumblr.com","cat : 6533"
"https://afelanx.tumblr.com","photooftheday : 35"
"https://flostylesyt.tumblr.com","love : 446"
"https://oceanbeach1502.tumblr.com","california : 1271"
"https://leonardomercon.tumblr.com","ultimosrefugios : 525"
"https://jpegherzog.tumblr.com","art : 7"
"https://jaromirfogg.tumblr.com","menswear : 102"
"https://alexcerdeno.tumblr.com","espaciofotografico : 2200"
"https://fudayk.tumblr.com","free! : 7793"
"https://blogdaanalu.tumblr.com","girl : 312"
"https://agk42.tumblr.com","japan : 395"
"https://connie-awanderingsoul.tumblr.com","photographers on tumblr : 8390"
"https://lacrimadoceano.tumblr.com","frasi : 244"
"https://oliviadabney.tumblr.com","instagood : 29"
"https://bikini-athlete-pro.tumblr.com","bikini : 326"
"https://dlk2f.tumblr.com","foodblogger : 176"
"https://thatfunnyblog.tumblr.com","funny : 4488"
"https://pr3ttygirlswag.tumblr.com","prettygirlswag : 3047"
"https://mensdailyoutfit.tumblr.com","ootd : 110"
"https://koffiphotography.tumblr.com","wedding : 1561"
"https://xaander1.tumblr.com","photography : 579"
"https://yarehre.tumblr.com","me : 21"
"https://utahunfiltered.tumblr.com","utah : 142"
"https://istodayajewishholiday.tumblr.com","chanukahproject : 1351"
"https://1smh.tumblr.com","mine : 23"
"https://resilientblog.tumblr.com","recovery : 5986"
"https://barkycatbros.tumblr.com","cat : 596"
"https://beckygfans.tumblr.com","becky g : 47"
"https://totorohblog.tumblr.com","photography : 1076"
"https://www.gamersoficial.com","geek : 3231"
"https://cute00s.tumblr.com","pink : 110"
"https://journalinbloom.tumblr.com","journal : 262"
"https://bananamlllk.tumblr.com","aesthetic : 12477"
"https://hinata-daily.tumblr.com","black shiba inu : 1162"
"https://shannonlynn-backagain.tumblr.com","me : 511"
"https://2dkunn.tumblr.com","film : 57"
"https://lawschoolforaminute.tumblr.com","study motivation : 21"
"https://modelarchitecture.tumblr.com","wood : 630"
"https://carltonforman.tumblr.com","dublin : 1519"
"https://jamesreads.tumblr.com","art : 690"
"https://waterandpalms.tumblr.com","life : 86"
"https://anskupics.tumblr.com","finland : 2061"
"https://abportraits.tumblr.com","beauty : 275"
"https://saudavelsemserchatooficial.tumblr.com","fit : 80"
"https://deathofmax.tumblr.com","followforspam : 72"
"https://fablefire.tumblr.com","cute : 785"
"https://tinderventure.com","lol : 11436"
"https://travelbinge.tumblr.com","travel : 17400"
"https://makeupthxrapyy.tumblr.com","makeup : 33"
"https://csmartfx.tumblr.com","street style : 5318"
"https://aloeza69.tumblr.com","repost : 439"
"https://posdataa.tumblr.com","amor : 69"
"https://nutritionwithceleste.tumblr.com","myfood : 477"
"https://medewerkers.tumblr.com","blogs : 732"
"https://lovelypupies.tumblr.com","cute : 6384"
"https://a-cute-lesbian.tumblr.com","meu : 14"
"https://karlrincon.tumblr.com","love : 199"
"https://bayonas-photography.tumblr.com","wallart : 64"
"https://http-whiplash.tumblr.com","pack soft : 440"
"https://galletitasfachitas.tumblr.com","galletitas : 358"
"https://of-two-lands.tumblr.com","of two lands : 1062"
"https://sex-n-barres.tumblr.com","girls : 41"
"https://uranusisaplanet.tumblr.com","instagram : 13"
"https://hibi15.tumblr.com","vscocam : 1996"
"https://serenityreiki.tumblr.com","sunsetjunkie : 448"
"https://foodiemccaterson.tumblr.com","food : 317"
"https://hiraasiddiqi.tumblr.com","pakistan : 135"
"https://mychiandmeuk.tumblr.com","chihuahua : 1279"
"https://jbshlomit.tumblr.com","fashion men : 360"
"https://waisophotography.tumblr.com","tbt : 14"
"https://lettersfromlondonstreets.tumblr.com","0"
"https://popcritical.tumblr.com","pop : 537"
"https://justwatchingthesky.tumblr.com","sky : 297"
"https://rhinkybaby.tumblr.com","rhink : 125"
"https://bts.town","jungkook : 329"
"https://heavenishell1.tumblr.com","life quotes : 62"
"https://osgohome.tumblr.com","0"
"https://visitheworld.tumblr.com","travel : 6186"
"https://vance013.tumblr.com","gay gainer : 10"
"https://lightuptheworldheavenly.tumblr.com","rainbow : 26"
"https://inkofnowhere.tumblr.com","drawing : 95"
"https://shitpostempire.com","4chan : 2352"
"https://k0nfette.tumblr.com","illustration : 107"
"https://shittylifeprotip